{
  "0": {
    "label": "00:00",
    "status": "good",
    "accuracy": 0.6603654694391935,
    "acc_hi": 0.7297297297297297,
    "cov_hi": 0.25645872715816004,
    "train": 4865,
    "test": 1587
  },
  "1": {
    "label": "00:30",
    "status": "good",
    "accuracy": 0.6746765249537893,
    "acc_hi": 0.6930147058823529,
    "cov_hi": 0.33518176216882317,
    "train": 4868,
    "test": 1623
  },
  "2": {
    "label": "01:00",
    "status": "good",
    "accuracy": 0.6376996805111821,
    "acc_hi": 0.7244897959183674,
    "cov_hi": 0.1878594249201278,
    "train": 4865,
    "test": 1565
  },
  "3": {
    "label": "01:30",
    "status": "good",
    "accuracy": 0.6602265156562291,
    "acc_hi": 0.7125748502994012,
    "cov_hi": 0.33377748167888077,
    "train": 4823,
    "test": 1501
  },
  "4": {
    "label": "02:00",
    "status": "good",
    "accuracy": 0.6594110115236875,
    "acc_hi": 0.6750483558994197,
    "cov_hi": 0.33098591549295775,
    "train": 4837,
    "test": 1562
  },
  "5": {
    "label": "02:30",
    "status": "good",
    "accuracy": 0.6595602931379081,
    "acc_hi": 0.7334494773519163,
    "cov_hi": 0.38241172551632246,
    "train": 4817,
    "test": 1501
  },
  "6": {
    "label": "03:00",
    "status": "good",
    "accuracy": 0.6528871391076115,
    "acc_hi": 0.7064989517819706,
    "cov_hi": 0.31299212598425197,
    "train": 4839,
    "test": 1524
  },
  "7": {
    "label": "03:30",
    "status": "good",
    "accuracy": 0.6980742778541953,
    "acc_hi": 0.7518072289156627,
    "cov_hi": 0.5708390646492435,
    "train": 4767,
    "test": 1454
  },
  "8": {
    "label": "04:00",
    "status": "good",
    "accuracy": 0.6713147410358565,
    "acc_hi": 0.728923476005188,
    "cov_hi": 0.5119521912350598,
    "train": 4762,
    "test": 1506
  },
  "9": {
    "label": "04:30",
    "status": "good",
    "accuracy": 0.6697377746279235,
    "acc_hi": 0.7200538358008075,
    "cov_hi": 0.5265768958185684,
    "train": 4764,
    "test": 1411
  },
  "10": {
    "label": "05:00",
    "status": "good",
    "accuracy": 0.6802999318336742,
    "acc_hi": 0.6871508379888268,
    "cov_hi": 0.3660531697341513,
    "train": 4742,
    "test": 1467
  },
  "11": {
    "label": "05:30",
    "status": "good",
    "accuracy": 0.6577275935074101,
    "acc_hi": 0.696969696969697,
    "cov_hi": 0.5356386732533521,
    "train": 4689,
    "test": 1417
  },
  "12": {
    "label": "06:00",
    "status": "good",
    "accuracy": 0.6709986320109439,
    "acc_hi": 0.7103235747303543,
    "cov_hi": 0.4439124487004104,
    "train": 4731,
    "test": 1462
  },
  "13": {
    "label": "06:30",
    "status": "good",
    "accuracy": 0.6600609756097561,
    "acc_hi": 0.7074468085106383,
    "cov_hi": 0.4298780487804878,
    "train": 4692,
    "test": 1312
  },
  "14": {
    "label": "07:00",
    "status": "good",
    "accuracy": 0.6522048364153628,
    "acc_hi": 0.76010101010101,
    "cov_hi": 0.28165007112375534,
    "train": 4694,
    "test": 1406
  },
  "15": {
    "label": "07:30",
    "status": "good",
    "accuracy": 0.6319672131147541,
    "acc_hi": 0.6979405034324943,
    "cov_hi": 0.3581967213114754,
    "train": 4637,
    "test": 1220
  },
  "16": {
    "label": "08:00",
    "status": "good",
    "accuracy": 0.6376042456406369,
    "acc_hi": 0.6909871244635193,
    "cov_hi": 0.35329795299469297,
    "train": 4647,
    "test": 1319
  },
  "17": {
    "label": "08:30",
    "status": "good",
    "accuracy": 0.6482873851294904,
    "acc_hi": 0.6948176583493282,
    "cov_hi": 0.4352548036758563,
    "train": 4606,
    "test": 1197
  },
  "18": {
    "label": "09:00",
    "status": "good",
    "accuracy": 0.6320830007980845,
    "acc_hi": 0.6597582037996546,
    "cov_hi": 0.46209098164405427,
    "train": 4620,
    "test": 1253
  },
  "19": {
    "label": "09:30",
    "status": "good",
    "accuracy": 0.6606683804627249,
    "acc_hi": 0.7130801687763713,
    "cov_hi": 0.40616966580976865,
    "train": 4571,
    "test": 1167
  },
  "20": {
    "label": "10:00",
    "status": "good",
    "accuracy": 0.6488853503184714,
    "acc_hi": 0.7029702970297029,
    "cov_hi": 0.4020700636942675,
    "train": 4585,
    "test": 1256
  },
  "21": {
    "label": "10:30",
    "status": "good",
    "accuracy": 0.6068669527896996,
    "acc_hi": 0.6868475991649269,
    "cov_hi": 0.4111587982832618,
    "train": 4562,
    "test": 1165
  },
  "22": {
    "label": "11:00",
    "status": "good",
    "accuracy": 0.6659275683665927,
    "acc_hi": 0.727447216890595,
    "cov_hi": 0.385070214338507,
    "train": 4649,
    "test": 1353
  },
  "23": {
    "label": "11:30",
    "status": "good",
    "accuracy": 0.6774960380348652,
    "acc_hi": 0.7244094488188977,
    "cov_hi": 0.5031695721077655,
    "train": 4603,
    "test": 1262
  },
  "24": {
    "label": "12:00",
    "status": "good",
    "accuracy": 0.6555397727272727,
    "acc_hi": 0.6832298136645962,
    "cov_hi": 0.3430397727272727,
    "train": 4731,
    "test": 1408
  },
  "25": {
    "label": "12:30",
    "status": "good",
    "accuracy": 0.6548872180451127,
    "acc_hi": 0.7025796661608498,
    "cov_hi": 0.49548872180451126,
    "train": 4744,
    "test": 1330
  },
  "26": {
    "label": "13:00",
    "status": "good",
    "accuracy": 0.6632513661202186,
    "acc_hi": 0.7321428571428571,
    "cov_hi": 0.2677595628415301,
    "train": 4791,
    "test": 1464
  },
  "27": {
    "label": "13:30",
    "status": "good",
    "accuracy": 0.583160800552105,
    "acc_hi": 0.6434426229508197,
    "cov_hi": 0.168391994478951,
    "train": 4847,
    "test": 1449
  },
  "28": {
    "label": "14:00",
    "status": "good",
    "accuracy": 0.6030927835051546,
    "acc_hi": 0.6748251748251748,
    "cov_hi": 0.18427835051546393,
    "train": 4865,
    "test": 1552
  },
  "29": {
    "label": "14:30",
    "status": "good",
    "accuracy": 0.5877712031558185,
    "acc_hi": 0.5714285714285714,
    "cov_hi": 0.11045364891518737,
    "train": 4839,
    "test": 1521
  },
  "30": {
    "label": "15:00",
    "status": "good",
    "accuracy": 0.5847240051347882,
    "acc_hi": 0.6657754010695187,
    "cov_hi": 0.24005134788189988,
    "train": 4867,
    "test": 1558
  },
  "31": {
    "label": "15:30",
    "status": "good",
    "accuracy": 0.6134228187919463,
    "acc_hi": 0.6673553719008265,
    "cov_hi": 0.32483221476510066,
    "train": 4835,
    "test": 1490
  },
  "32": {
    "label": "16:00",
    "status": "good",
    "accuracy": 0.6042065009560229,
    "acc_hi": 0.6736842105263158,
    "cov_hi": 0.12109623964308477,
    "train": 4861,
    "test": 1569
  },
  "33": {
    "label": "16:30",
    "status": "good",
    "accuracy": 0.6246684350132626,
    "acc_hi": 0.6882022471910112,
    "cov_hi": 0.23607427055702918,
    "train": 4855,
    "test": 1508
  },
  "34": {
    "label": "17:00",
    "status": "good",
    "accuracy": 0.6105398457583547,
    "acc_hi": 0.6506849315068494,
    "cov_hi": 0.18766066838046272,
    "train": 4863,
    "test": 1556
  },
  "35": {
    "label": "17:30",
    "status": "good",
    "accuracy": 0.6268951878707977,
    "acc_hi": 0.7304964539007093,
    "cov_hi": 0.37178642056690836,
    "train": 4851,
    "test": 1517
  },
  "36": {
    "label": "18:00",
    "status": "good",
    "accuracy": 0.6495238095238095,
    "acc_hi": 0.7006369426751592,
    "cov_hi": 0.3987301587301587,
    "train": 4869,
    "test": 1575
  },
  "37": {
    "label": "18:30",
    "status": "good",
    "accuracy": 0.644,
    "acc_hi": 0.6831168831168831,
    "cov_hi": 0.25666666666666665,
    "train": 4852,
    "test": 1500
  },
  "38": {
    "label": "19:00",
    "status": "good",
    "accuracy": 0.6364225534672715,
    "acc_hi": 0.685981308411215,
    "cov_hi": 0.34672715489306544,
    "train": 4861,
    "test": 1543
  },
  "39": {
    "label": "19:30",
    "status": "good",
    "accuracy": 0.651505016722408,
    "acc_hi": 0.7136563876651982,
    "cov_hi": 0.3036789297658863,
    "train": 4837,
    "test": 1495
  },
  "40": {
    "label": "20:00",